{
  "design_system": {
    "brand_identity": {
      "name": "ThrottleX",
      "essence": "Cinematic. Performance. Nocturnal. Raw.",
      "core_values": ["Speed", "Community", "Precision", "Darkness"],
      "voice": "Direct, minimal, high-impact. Like a movie trailer script."
    },
    "colors": {
      "primary": {
        "red": "#E10600",
        "red_hover": "#B30500",
        "red_glow": "0 0 20px rgba(225, 6, 0, 0.6)"
      },
      "neutrals": {
        "bg_main": "#050505",
        "bg_card": "#0A0A0A",
        "bg_secondary": "#121212",
        "border": "#262626",
        "text_primary": "#F5F5F5",
        "text_secondary": "#A3A3A3",
        "text_muted": "#525252"
      },
      "accents": {
        "neon_green": "#CCFF00",
        "carbon": "#1C1C1C",
        "glass": "rgba(255, 255, 255, 0.03)"
      }
    },
    "typography": {
      "headings": {
        "font_family": "Barlow Condensed, Oswald, sans-serif",
        "weight": "700",
        "transform": "uppercase",
        "letter_spacing": "tracking-tighter"
      },
      "body": {
        "font_family": "Manrope, Inter, sans-serif",
        "weight": "400",
        "letter_spacing": "tracking-normal"
      },
      "mono": {
        "font_family": "JetBrains Mono, monospace",
        "size": "text-xs",
        "color": "text-muted"
      }
    },
    "spacing": {
      "container_padding": "p-6 md:p-12 lg:p-24",
      "section_gap": "gap-12 md:gap-24",
      "card_padding": "p-6"
    },
    "effects": {
      "glassmorphism": "backdrop-blur-xl bg-white/5 border border-white/10",
      "neon_glow": "shadow-[0_0_15px_rgba(225,6,0,0.5)]",
      "text_glow": "drop-shadow-[0_0_8px_rgba(255,255,255,0.5)]",
      "tracing_beam": "border border-transparent bg-gradient-to-r from-transparent via-red-600 to-transparent bg-[length:200%_100%] animate-shimmer"
    }
  },
  "components": {
    "buttons": {
      "primary": "bg-[#E10600] text-white hover:bg-[#B30500] uppercase font-bold tracking-widest px-8 py-3 rounded-none skew-x-[-10deg] transition-all hover:skew-x-[-12deg]",
      "secondary": "bg-transparent border border-white/20 text-white hover:border-[#E10600] hover:text-[#E10600] uppercase font-bold tracking-widest px-8 py-3 rounded-none transition-all",
      "ghost": "text-neutral-400 hover:text-white uppercase tracking-widest text-sm"
    },
    "cards": {
      "ride_card": "bg-[#0A0A0A] border border-[#262626] hover:border-[#E10600] transition-colors group relative overflow-hidden rounded-none",
      "marketplace_item": "bg-[#0A0A0A] border border-[#262626] hover:border-white/20 transition-colors group relative overflow-hidden rounded-none aspect-[3/4]",
      "glass_panel": "backdrop-blur-md bg-black/40 border border-white/5"
    },
    "inputs": {
      "default": "bg-[#121212] border border-[#262626] focus:border-[#E10600] text-white placeholder:text-neutral-600 rounded-none px-4 py-3 outline-none transition-colors",
      "search": "bg-black/50 border-b border-white/20 focus:border-[#E10600] text-white text-xl placeholder:text-neutral-700 px-0 py-4 outline-none transition-colors w-full bg-transparent"
    }
  },
  "layout_strategies": {
    "landing_hero": "Full-screen (h-screen) relative container. Background image with heavy black gradient overlay (bg-gradient-to-t from-[#050505] via-[#050505]/80 to-transparent). Text placed at bottom-left or center-bottom. Massive typography (text-6xl md:text-9xl).",
    "bento_grid": "Grid layout with 'Tetris' logic. Mix of col-span-1, col-span-2, row-span-2 items. No perfect symmetry.",
    "marketplace_grid": "Dense grid (grid-cols-2 md:grid-cols-4). Images take up 80% of card height. Minimal text below.",
    "navigation": "Fixed bottom or distinct left sidebar. Avoid top navbar if possible, or make it transparent and minimal (Logo left, Menu right)."
  },
  "images": {
    "hero_backgrounds": [
      "https://images.unsplash.com/photo-1748739550781-44dbf5fe0cdd?crop=entropy&cs=srgb&fm=jpg&ixid=M3w4NjY2NzZ8MHwxfHNlYXJjaHw0fHxjaW5lbWF0aWMlMjBzcG9ydHMlMjBjYXIlMjBuaWdodCUyMGNpdHklMjBzdHJlZXQlMjBkYXJrJTIwbW9vZHl8ZW58MHx8fHwxNzcxMzkxNzc2fDA&ixlib=rb-4.1.0&q=85",
      "https://images.unsplash.com/photo-1770608014330-7de6ce86c69d?crop=entropy&cs=srgb&fm=jpg&ixid=M3w4NjY2NzZ8MHwxfHNlYXJjaHwyfHxjaW5lbWF0aWMlMjBzcG9ydHMlMjBjYXIlMjBuaWdodCUyMGNpdHklMjBzdHJlZXQlMjBkYXJrJTIwbW9vZHl8ZW58MHx8fHwxNzcxMzkxNzc2fDA&ixlib=rb-4.1.0&q=85"
    ],
    "rides_thumbnails": [
      "https://images.unsplash.com/photo-1760555961058-fd625e6a0b6d?crop=entropy&cs=srgb&fm=jpg&ixid=M3w3NDQ2NDJ8MHwxfHNlYXJjaHwyfHxtb3RvcmN5Y2xlJTIwcmlkZXIlMjBuaWdodCUyMGNpdHklMjBuZW9uJTIwbGlnaHRzJTIwY2luZW1hdGljfGVufDB8fHx8MTc3MTM5MTc3N3ww&ixlib=rb-4.1.0&q=85",
      "https://images.unsplash.com/photo-1669283149120-d539f814aa03?crop=entropy&cs=srgb&fm=jpg&ixid=M3w3NDQ2NDJ8MHwxfHNlYXJjaHwxfHxtb3RvcmN5Y2xlJTIwcmlkZXIlMjBuaWdodCUyMGNpdHklMjBuZW9uJTIwbGlnaHRzJTIwY2luZW1hdGljfGVufDB8fHx8MTc3MTM5MTc3N3ww&ixlib=rb-4.1.0&q=85"
    ],
    "marketplace_products": [
      "https://images.unsplash.com/photo-1649027421785-6827863f0891?crop=entropy&cs=srgb&fm=jpg&ixid=M3w4NjAxODF8MHwxfHNlYXJjaHwzfHxjYXJib24lMjBmaWJlciUyMG1vdG9yY3ljbGUlMjBoZWxtZXQlMjBsdXh1cnklMjBnZWFyfGVufDB8fHx8MTc3MTM5MTc4MXww&ixlib=rb-4.1.0&q=85",
      "https://images.unsplash.com/photo-19297045/pexels-photo-19297045.jpeg?auto=compress&cs=tinysrgb&dpr=2&h=650&w=940",
      "https://images.unsplash.com/photo-1764725719060-93162d70dac3?crop=entropy&cs=srgb&fm=jpg&ixid=M3w4NTYxOTB8MHwxfHNlYXJjaHwxfHxyYWNpbmclMjBsZWF0aGVyJTIwamFja2V0JTIwYmxhY2slMjBjaW5lbWF0aWMlMjBsaWdodGluZ3xlbnwwfHx8fDE3NzEzOTE3ODJ8MA&ixlib=rb-4.1.0&q=85"
    ],
    "user_avatars": [
      "https://images.unsplash.com/photo-1646136868038-b6afd70d10b1?crop=entropy&cs=srgb&fm=jpg&ixid=M3w4NjA1NTJ8MHwxfHNlYXJjaHw0fHxkaXZlcnNlJTIwZWRneSUyMHVyYmFuJTIwZmFzaGlvbiUyMHBvcnRyYWl0cyUyMG5pZ2h0fGVufDB8fHx8MTc3MTM5MTc4NHww&ixlib=rb-4.1.0&q=85",
      "https://images.unsplash.com/photo-1538717675015-b627892d1179?crop=entropy&cs=srgb&fm=jpg&ixid=M3w4NjA1NTJ8MHwxfHNlYXJjaHwzfHxkaXZlcnNlJTIwZWRneSUyMHVyYmFuJTIwZmFzaGlvbiUyMHBvcnRyYWl0cyUyMG5pZ2h0fGVufDB8fHx8MTc3MTM5MTc4NHww&ixlib=rb-4.1.0&q=85"
    ]
  },
  "technical_instructions": {
    "framework": "React + TypeScript + TailwindCSS",
    "backend_constraint": "USE LOCALSTORAGE JSON DATABASE ONLY. IGNORE server.py. This is a strict constraint from the client.",
    "state_management": "React Context API",
    "router": "React Router v6",
    "styling_engine": "TailwindCSS with 'class' strategy for dark mode (forced dark)",
    "icons": "Lucide React (default)",
    "animations": "Framer Motion (if available) or CSS Transitions"
  },
  "implementation_steps": [
    "1. Setup Tailwind config for dark mode colors and fonts.",
    "2. Create a 'Layout' component that enforces the dark theme wrapper (min-h-screen bg-[#050505] text-white).",
    "3. Implement the 'AuthContext' using LocalStorage to mock login/signup.",
    "4. Build the 'Hero' section with the selected background image and parallax effect.",
    "5. Develop the 'Rides' feature using a mock JSON data in LocalStorage.",
    "6. Build the 'Marketplace' grid with hover effects on product cards.",
    "7. Create the 'Profile' page with user stats and history."
  ],
  "universal_guidelines": [
    "Do NOT use white backgrounds. Ever.",
    "Do NOT use 'Inter' for headings. Use a condensed font.",
    "Do NOT use default rounded corners (rounded-lg). Use sharp edges (rounded-none) or very subtle (rounded-sm) for a 'tech' feel.",
    "Use 'Performance Red' (#E10600) sparingly. Only for primary actions and active states.",
    "Ensure all text has sufficient contrast against the dark background.",
    "Use `data-testid` on all interactive elements."
  ]
}